site_no,site_name,timestamp_utc,flow_cfs,pct_change_1h,pct_change_3h,pct_change_6h,percentile,longitude,latitude
204309906,"CONVEYANCE CHAN AT RAMSGATE LN NR GREAT BRIDGE, VA",2025-11-17 16:35:00+00:00,0.06,-83.78378378378379,-83.78378378378379,-83.78378378378379,,-76.2123167,36.69064444
2037500,"JAMES RIVER NEAR RICHMOND, VA",2025-11-17 17:00:00+00:00,1250.0,0.0,1.6260162601626018,,0.05808550185873605,-77.5469314,37.5632022
1631000,"S F SHENANDOAH RIVER AT FRONT ROYAL, VA",2025-11-17 17:15:00+00:00,396.0,0.0,0.0,,0.10312499999999979,-78.21083388,38.91400059
1663500,"HAZEL RIVER AT RIXEYVILLE, VA",2025-11-17 17:15:00+00:00,48.0,2.127659574468085,-3.6144578313252955,,0.07290400972053465,-77.9649962,38.59178867
1664000,"RAPPAHANNOCK RIVER AT REMINGTON, VA",2025-11-17 17:15:00+00:00,97.6,2.9535864978902926,5.971769815418025,,0.06421052631578929,-77.8135912,38.5305957
167357970,"MONCUIN CREEK BELOW US HWY 360 NEAR MANQUIN, VA",2025-11-17 17:15:00+00:00,16.6,0.0,3.105590062111801,,0.29526858769121306,-77.1463611,37.71225
3170000,"LITTLE RIVER AT GRAYSONTOWN, VA",2025-11-17 17:15:00+00:00,91.5,-3.0720338983050905,-3.0720338983050905,,0.11092253606497753,-80.5567239,37.03762635
2050000,"BLACKWATER RIVER AT HWYS 58/258 AT FRANKLIN, VA",2025-11-17 17:15:00+00:00,140.0,-63.44647519582245,18.64406779661017,,,-76.918294,36.68042849
1646000,"DIFFICULT RUN NEAR GREAT FALLS, VA",2025-11-17 17:15:00+00:00,12.0,3.448275862068969,7.1428571428571495,,0.07013442431326708,-77.24581439,38.97594346
2056650,"BACK CREEK NEAR DUNDEE, VA",2025-11-17 17:15:00+00:00,13.1,4.799999999999997,-3.6764705882352944,,0.09059474412171499,-79.8680915,37.22763879
1625000,"MIDDLE RIVER NEAR GROTTOES, VA",2025-11-17 17:15:00+00:00,82.2,0.0,-1.9093078758949813,,0.09831359885181183,-78.8619703,38.26179616
3529500,"POWELL RIVER AT BIG STONE GAP, VA",2025-11-17 17:15:00+00:00,76.8,0.0,-4.477611940298518,,0.18995795201582982,-82.7754387,36.86898536
3527000,"CLINCH RIVER AT SPEERS FERRY, VA",2025-11-17 17:15:00+00:00,337.0,0.0,0.0,,0.081126624939817,-82.7504384,36.64870849
2030500,"SLATE RIVER NEAR ARVONIA, VA",2025-11-17 17:15:00+00:00,44.1,0.0,-1.999999999999997,,0.06349892008639307,-78.37750429,37.70292198
1632000,"N F SHENANDOAH RIVER AT COOTES STORE, VA",2025-11-17 17:15:00+00:00,12.8,4.918032786885258,4.918032786885258,,0.03368421052631571,-78.852803,38.63706254
2018000,"CRAIG CREEK AT PARR, VA",2025-11-17 17:15:00+00:00,54.6,-2.150537634408595,-2.150537634408595,,0.05455635491606709,-79.9114388,37.66596174
2047000,"NOTTOWAY RIVER NEAR SEBRELL, VA",2025-11-17 17:15:00+00:00,195.0,-0.5102040816326531,-2.5,,0.025357607282184644,-77.1660778,36.7704276
1626000,"SOUTH RIVER NEAR WAYNESBORO, VA",2025-11-17 17:15:00+00:00,35.1,3.8461538461538587,12.500000000000009,,0.0646885366752672,-78.90807949,38.0576362
164578734,"SNAKEDEN BRANCH ABOVE LAKE AUDUBON AT RESTON, VA",2025-11-17 17:20:00+00:00,1.47,0.0,-7.547169811320761,-7.547169811320761,2.7425373134328357,-77.34113889,38.9296611
1645704,"DIFFICULT RUN ABOVE FOX LAKE NEAR FAIRFAX, VA",2025-11-17 17:25:00+00:00,1.05,0.0,10.526315789473696,10.526315789473696,0.06858262573481384,-77.3324293,38.88469518
2064000,"FALLING RIVER NEAR NARUNA, VA",2025-11-17 17:30:00+00:00,40.6,0.0,0.0,-2.8708133971291767,0.10336048879837068,-78.9597374,37.12680956
1634000,"N F SHENANDOAH RIVER NEAR STRASBURG, VA",2025-11-17 17:30:00+00:00,124.0,-3.125,-5.343511450381679,0.0,0.12135447249951038,-78.3361152,38.9767759
1615000,"OPEQUON CREEK NEAR BERRYVILLE, VA",2025-11-17 17:30:00+00:00,6.78,16.49484536082474,29.63671128107074,5.116279069767442,0.061191335740072135,-78.0783333,39.1747222
2041000,"DEEP CREEK NEAR MANNBORO, VA",2025-11-17 17:30:00+00:00,30.0,-1.9607843137254948,-1.9607843137254948,-3.536977491961419,0.08158825129181375,-77.869722,37.28320595
2011470,"BACK CREEK AT SUNRISE, VA",2025-11-17 17:30:00+00:00,9.47,-3.268641470888647,7.126696832579195,19.119496855345915,0.10113199487398518,-79.81172,38.19040156
2011400,"JACKSON RIVER NEAR BACOVA, VA",2025-11-17 17:30:00+00:00,20.6,-2.830188679245273,-5.5045871559633,-5.5045871559633,0.08561928512053184,-79.8814439,38.04234707
1660400,"AQUIA CREEK NEAR GARRISONVILLE, VA",2025-11-17 17:30:00+00:00,2.15,8.585858585858583,18.131868131868124,18.131868131868124,0.02298973481608211,-77.4335942,38.49040138
2045500,"NOTTOWAY RIVER NEAR STONY CREEK, VA",2025-11-17 17:30:00+00:00,105.0,-0.9433962264150944,-0.9433962264150944,0.9615384615384616,0.08971291866028681,-77.3996996,36.90014978
2014000,"POTTS CREEK NEAR COVINGTON, VA",2025-11-17 17:30:00+00:00,26.8,0.0,-3.9426523297490967,-7.5862068965517215,0.07326407873154724,-80.0422802,37.72901408
2013100,"JACKSON RIVER BL DUNLAP CREEK AT COVINGTON, VA",2025-11-17 17:30:00+00:00,188.0,-2.5906735751295336,-2.5906735751295336,-2.5906735751295336,0.11974522292993622,-80.00061319,37.7887362
2013000,"DUNLAP CREEK NEAR COVINGTON, VA",2025-11-17 17:30:00+00:00,25.4,3.6734693877550963,0.0,-9.9290780141844,0.07935020306154313,-80.0470043,37.8029022
2011800,"JACKSON RIVER BL GATHRIGHT DAM NR HOT SPGS, VA",2025-11-17 17:30:00+00:00,161.0,0.0,0.0,0.0,0.13855421686746988,-79.94922369,37.94845825
2011500,"BACK CREEK NEAR MOUNTAIN GROVE, VA",2025-11-17 17:30:00+00:00,24.8,0.0,-4.980842911877397,-9.489051094890504,0.12085769980506787,-79.8970003,38.0695688
2037000,"JAMES RIVER AND KANAWHA CANAL NEAR RICHMOND, VA",2025-11-17 17:30:00+00:00,145.0,0.0,0.0,0.0,1.293487957181088,-77.5741546,37.5645912
3176500,"NEW RIVER AT GLEN LYN, VA",2025-11-17 17:30:00+00:00,1700.0,3.0303030303030303,-5.555555555555555,-2.2988505747126435,0.1236363636363636,-80.8606347,37.3728986
2039000,"BUFFALO CREEK NEAR HAMPDEN SYDNEY, VA",2025-11-17 17:30:00+00:00,16.1,0.0,2.5477707006369563,-3.012048192771084,0.1059210526315789,-78.4863841,37.25709664
3207800,"LEVISA FORK AT BIG ROCK, VA",2025-11-17 17:30:00+00:00,66.4,-2.35294117647058,-2.35294117647058,-4.7345767575322775,0.12645210436107387,-82.1956935,37.35371995
2059500,"GOOSE CREEK NEAR HUDDLESTON, VA",2025-11-17 17:30:00+00:00,44.2,0.0,-3.493449781659377,-6.751054852320666,0.10793650793650786,-79.5203076,37.1731995
3173000,"WALKER CREEK AT BANE, VA",2025-11-17 17:30:00+00:00,48.2,0.0,0.0,-2.2312373225152013,0.056900011804981686,-80.7095125,37.26817845
2040000,"APPOMATTOX RIVER AT MATTOAX, VA",2025-11-17 17:30:00+00:00,158.0,0.0,0.0,-1.8633540372670807,0.030314658480429763,-77.8588876,37.42153845
1674182,"POLECAT CREEK AT ROUTE 301 NEAR PENOLA, VA",2025-11-17 17:30:00+00:00,2.52,8.620689655172423,46.51162790697675,-26.744186046511626,0.01191489361702127,-77.3434444,37.9603333
3208950,"CRANES NEST RIVER NEAR CLINTWOOD, VA",2025-11-17 17:30:00+00:00,26.9,-2.8880866425992804,-7.876712328767126,-5.614035087719303,0.18667591950034687,-82.4387614,37.1239952
3168000,"NEW RIVER AT ALLISONIA, VA",2025-11-17 17:30:00+00:00,1250.0,-1.574803149606299,-1.574803149606299,-1.574803149606299,0.16451697815214525,-80.7456257,36.93762235
2016000,"COWPASTURE RIVER NEAR CLIFTON FORGE, VA",2025-11-17 17:30:00+00:00,75.1,0.0,0.0,-4.574332909784,0.07991912312440126,-79.7594917,37.79179587
2052000,"MEHERRIN RIVER AT EMPORIA, VA",2025-11-17 17:30:00+00:00,129.0,0.78125,4.878048780487805,1.574803149606299,0.08047411104179635,-77.5405364,36.69014954
2079640,"ALLEN CREEK NEAR BOYDTON, VA",2025-11-17 17:30:00+00:00,27.5,1.102941176470591,2.23048327137547,2.23048327137547,0.29936860439799684,-78.326664,36.67958589
3164000,"NEW RIVER NEAR GALAX, VA",2025-11-17 17:30:00+00:00,629.0,0.0,0.0,-1.7187500000000002,0.15557754142963143,-80.978969,36.6473497
1638480,"CATOCTIN CREEK AT TAYLORSTOWN, VA",2025-11-17 17:30:00+00:00,2.81,0.0,0.0,0.0,0.01610315186246415,-77.5763778,39.25510206
3175500,"WOLF CREEK NEAR NARROWS, VA",2025-11-17 17:30:00+00:00,43.3,0.0,-2.696629213483152,-2.696629213483152,0.05159061122363874,-80.8497993,37.30567654
1613900,"HOGUE CREEK NEAR HAYFIELD, VA",2025-11-17 17:30:00+00:00,2.56,-16.61237785016286,-16.61237785016286,-16.61237785016286,0.08197246237592039,-78.2880592,39.2145479
2047370,"NOTTOWAY RIVER NEAR RIVERDALE, VA",2025-11-17 17:30:00+00:00,1270.0,-34.5360824742268,-38.349514563106794,-27.84090909090909,,-76.9444058,36.56681864
1654107,"LONG BRANCH AT OLLEY LANE NR FAIRFAX, VA",2025-11-17 17:35:00+00:00,-999999.0,-0.0,-0.0,-0.0,-3184710.1910828026,-77.2667,38.8246
1644280,"BROAD RUN NEAR LEESBURG, VA",2025-11-17 17:40:00+00:00,19.7,0.0,2.072538860103619,0.0,0.05633400057191875,-77.43238889,39.04641667
3471500,"S F HOLSTON RIVER AT RIVERSIDE, NEAR CHILHOWIE, VA",2025-11-17 17:44:00+00:00,21.9,-8.368200836820085,-12.048192771084338,-15.444015444015443,0.082891748675246,-81.63122929,36.7603931
3475000,"M F HOLSTON RIVER NEAR MEADOWVIEW, VA",2025-11-17 17:44:00+00:00,65.4,0.0,-2.242152466367713,-4.385964912280701,0.15086505190311417,-81.8187334,36.7131694
1626850,"SOUTH RIVER NEAR DOOMS, VA",2025-11-17 17:45:00+00:00,57.9,-2.525252525252525,2.6595744680851063,-2.525252525252525,0.09457693564194698,-78.8769683,38.08874648
2062500,"ROANOKE (STAUNTON) RIVER AT BROOKNEAL, VA",2025-11-17 17:45:00+00:00,700.0,-1.8232819074333801,-2.642559109874826,0.0,0.047879616963064274,-78.9457222,37.03944444
1621050,"MUDDY CREEK AT MOUNT CLINTON, VA",2025-11-17 17:45:00+00:00,5.17,0.0,6.160164271047224,0.0,0.41260973663208195,-78.96030749,38.48679008
1622000,"NORTH RIVER NEAR BURKETOWN, VA",2025-11-17 17:45:00+00:00,76.7,13.629629629629633,6.527777777777782,2.1304926764314365,0.10617386489479495,-78.9136385,38.3404051
2061500,"BIG OTTER RIVER NEAR EVINGTON, VA",2025-11-17 17:45:00+00:00,73.5,0.0,-1.8691588785046804,-1.8691588785046804,0.08811893058386279,-79.3036357,37.20847738
2056000,"ROANOKE RIVER AT NIAGARA, VA",2025-11-17 17:45:00+00:00,150.0,4.895104895104895,7.142857142857142,-5.063291139240507,0.10600706713780912,-79.87142539,37.2551384
2056900,"BLACKWATER RIVER NEAR ROCKY MOUNT, VA",2025-11-17 17:45:00+00:00,45.5,-4.411764705882356,-4.411764705882356,2.247191011235955,0.12752242152466364,-79.8441993,37.0451406
2026000,"JAMES RIVER AT BENT CREEK, VA",2025-11-17 17:45:00+00:00,1110.0,-5.932203389830509,51.02040816326531,29.37062937062937,0.09857904085257535,-78.8294611,37.5362539
2055100,"TINKER CREEK NEAR DALEVILLE, VA",2025-11-17 17:45:00+00:00,5.52,0.0,0.0,0.0,0.16326530612244897,-79.9353193,37.41763318
1662800,"BATTLE RUN NEAR LAUREL MILLS, VA",2025-11-17 17:45:00+00:00,22.1,0.0,5.741626794258387,18.181818181818194,0.24158285964145157,-78.0738869,38.65567564
3473000,"S F HOLSTON RIVER NEAR DAMASCUS, VA",2025-11-17 17:45:00+00:00,111.0,0.0,0.0,0.0,0.10591603053435114,-81.8440102,36.65178127
1665500,"RAPIDAN RIVER NEAR RUCKERSVILLE, VA",2025-11-17 17:45:00+00:00,26.8,0.0,-7.5862068965517215,-3.9426523297490967,0.07135250266240674,-78.340007,38.28068606
1666500,"ROBINSON RIVER NEAR LOCUST DALE, VA",2025-11-17 17:45:00+00:00,52.5,-2.5974025974025947,-7.570422535211263,0.0,0.08767535070140277,-78.0955557,38.32513047
1667500,"RAPIDAN RIVER NEAR CULPEPER, VA",2025-11-17 17:45:00+00:00,77.8,0.0,-2.7500000000000036,-8.037825059101653,0.05703812316715537,-77.9749972,38.35040774
2073000,"SMITH RIVER AT MARTINSVILLE, VA",2025-11-17 17:45:00+00:00,128.0,0.0,5.785123966942149,8.47457627118644,0.10526315789473681,-79.8805946,36.6612486
1669000,"PISCATAWAY CREEK NEAR TAPPAHANNOCK, VA",2025-11-17 17:45:00+00:00,20.2,0.0,-3.809523809523813,-5.607476635514016,0.13298222514812374,-76.900521,37.8770819
1669520,"DRAGON SWAMP AT MASCOT, VA",2025-11-17 17:45:00+00:00,35.3,0.0,-2.2160664819944715,-4.336043360433608,0.07566988210075025,-76.6963468,37.6337529
1671020,"NORTH ANNA RIVER AT HART CORNER NEAR DOSWELL, VA",2025-11-17 17:45:00+00:00,46.2,6.206896551724145,7.943925233644873,,0.02296222664015901,-77.42775949,37.85014024
1671100,"LITTLE RIVER NEAR DOSWELL, VA",2025-11-17 17:45:00+00:00,9.21,8.09859154929579,12.591687041564805,0.0,0.030527013589658553,-77.5130392,37.8726401
3177710,"BLUESTONE RIVER AT FALLS MILLS, VA",2025-11-17 17:45:00+00:00,14.5,13.281249999999995,21.848739495798316,-5.844155844155846,0.15280851512277374,-81.3048227,37.27150554
1656000,"CEDAR RUN NEAR CATLETT, VA",2025-11-17 17:45:00+00:00,4.92,-6.641366223908912,-6.641366223908912,-6.641366223908912,0.01808158765159865,-77.6249897,38.63678689
2047783,"BLACKWATER RIVER AT ROUTE 620 NEAR ZUNI, VA",2025-11-17 17:45:00+00:00,69.2,-3.216783216783213,-6.233062330623299,-6.233062330623299,0.03445185701483619,-76.81995939,36.90653868
2047500,"BLACKWATER RIVER NEAR DENDRON, VA",2025-11-17 17:45:00+00:00,61.0,0.0,0.0,0.0,0.03846153846153845,-76.8746824,37.0251499
2046000,"STONY CREEK NEAR DINWIDDIE, VA",2025-11-17 17:45:00+00:00,73.9,0.0,5.120910384068291,2.496532593619988,0.1660301055942485,-77.602489,37.0670942
2045320,"NOTTOWAY RIVER AT ROUTE 609 NEAR MCKENNEY, VA",2025-11-17 17:45:00+00:00,85.6,0.0,0.0,0.0,0.13533596837944664,-77.6736111,36.9011111
1654000,"ACCOTINK CREEK NEAR ANNANDALE, VA",2025-11-17 17:45:00+00:00,1.64,0.0,-24.77064220183487,-47.6038338658147,0.019876378620773225,-77.2283158,38.81289066
1627500,"SOUTH RIVER AT HARRISTON, VA",2025-11-17 17:45:00+00:00,75.5,0.0,0.0,3.2831737346101315,0.09538850284270359,-78.8366915,38.21874208
2041650,"APPOMATTOX RIVER AT MATOACA, VA",2025-11-17 17:45:00+00:00,191.0,0.0,0.0,-6.372549019607843,0.02522118050970553,-77.475263,37.2251505
2038850,"HOLIDAY CREEK NEAR ANDERSONVILLE, VA",2025-11-17 17:45:00+00:00,4.95,0.0,0.0,-5.17241379310344,0.32395287958115154,-78.6358392,37.41542434
1672500,"SOUTH ANNA RIVER NEAR ASHLAND, VA",2025-11-17 17:45:00+00:00,40.8,2.2556390977443574,-4.225352112676066,2.2556390977443574,0.017754569190600516,-77.5488744,37.796809
2018500,"CATAWBA CREEK NEAR CATAWBA, VA",2025-11-17 17:45:00+00:00,6.46,-11.506849315068491,-6.104651162790697,-6.104651162790697,0.0746130746130746,-80.00532199,37.46818624
2030000,"HARDWARE RIVER BL BRIERY RUN NR SCOTTSVILLE, VA",2025-11-17 17:45:00+00:00,35.2,-6.133333333333326,-6.133333333333326,-6.133333333333326,0.10002841716396701,-78.4552862,37.81264259
2020500,"CALFPASTURE RIVER ABOVE MILL CREEK AT GOSHEN, VA",2025-11-17 17:45:00+00:00,8.01,0.0,-5.985915492957744,-11.491712707182328,0.026426921807984113,-79.49365288,37.98790619
2022500,"KERRS CREEK NEAR LEXINGTON, VA",2025-11-17 17:45:00+00:00,6.64,-4.184704184704185,0.0,-15.521628498727743,0.11430538819073843,-79.4430938,37.82568687
2027500,"PINEY RIVER AT PINEY RIVER, VA",2025-11-17 17:45:00+00:00,24.2,4.310344827586207,0.0,-4.347826086956527,0.08545197740112981,-79.0275254,37.7023625
2024752,"JAMES RIVER AT BLUE RIDGE PKWY NR BIG ISLAND, VA",2025-11-17 17:45:00+00:00,671.0,0.0,2.2865853658536586,2.2865853658536586,0.07164975974372657,-79.3672547,37.55541524
2024915,"PEDLAR RIVER AT FOREST ROAD NEAR BUENA VISTA, VA",2025-11-17 17:45:00+00:00,9.34,0.0,-2.7083333333333313,-10.192307692307697,0.09406788196192954,-79.2783333,37.6975
2027000,"TYE RIVER NEAR LOVINGSTON, VA",2025-11-17 17:45:00+00:00,29.6,-2.631578947368412,18.400000000000006,8.823529411764714,0.07370517928286842,-78.981691,37.71541868
2025500,"JAMES RIVER AT HOLCOMB ROCK, VA",2025-11-17 17:45:00+00:00,648.0,1.726844583987441,-1.669195751138088,-6.493506493506493,0.06924556529172891,-79.2625287,37.5012508
2028500,"ROCKFISH RIVER NEAR GREENFIELD, VA",2025-11-17 17:45:00+00:00,26.5,0.0,0.0,-3.2846715328467107,0.06104584197189581,-78.8233543,37.86958499
2017500,"JOHNS CREEK AT NEW CASTLE, VA",2025-11-17 17:45:00+00:00,17.1,-2.2857142857142776,0.0,0.0,0.05740181268882172,-80.106715,37.5062397
1673000,"PAMUNKEY RIVER NEAR HANOVER, VA",2025-11-17 17:45:00+00:00,129.0,0.78125,-0.7692307692307693,-2.272727272727273,0.019040590405904056,-77.3322018,37.76764189
2036500,"FINE CREEK AT FINE CREEK MILLS, VA",2025-11-17 17:45:00+00:00,4.09,8.201058201058203,38.64406779661015,17.191977077363884,0.055240410588870865,-77.819718,37.59792515
1673550,"TOTOPOTOMOY CREEK NEAR STUDLEY, VA",2025-11-17 17:45:00+00:00,10.3,0.0,12.445414847161578,0.0,0.11189570885388372,-77.2577548,37.6626434
1673800,"PO RIVER NEAR SPOTSYLVANIA, VA",2025-11-17 17:45:00+00:00,8.49,0.0,-5.771365149833514,-5.771365149833514,0.021685823754789255,-77.5947095,38.1715215
2075045,"DAN RIVER AT STP NEAR DANVILLE, VA",2025-11-17 17:45:00+00:00,655.0,-3.392330383480826,-5.072463768115942,0.9244992295839755,0.09886792452830183,-79.369744,36.56263889
1674000,"MATTAPONI RIVER NEAR BOWLING GREEN, VA",2025-11-17 17:45:00+00:00,15.0,0.0,0.0,2.739726027397263,0.012448132780082987,-77.3858142,38.061801
2035000,"JAMES RIVER AT CARTERSVILLE, VA",2025-11-17 17:45:00+00:00,1240.0,-6.0606060606060606,-4.615384615384616,-4.615384615384616,0.056932966023875084,-78.0858328,37.67097957
1674500,"MATTAPONI RIVER NEAR BEULAHVILLE, VA",2025-11-17 17:45:00+00:00,96.3,-0.9259259259259318,-3.410230692076234,-9.150943396226417,0.036769759450171816,-77.16527778,37.88388889
2031000,"MECHUMS RIVER NEAR WHITE HALL, VA",2025-11-17 17:45:00+00:00,25.3,-3.4351145038167887,-9.64285714285714,-18.387096774193544,0.10621326616288822,-78.5927935,38.10263608
2075500,"DAN RIVER AT PACES, VA",2025-11-17 17:45:00+00:00,800.0,0.8827238335435058,0.8827238335435058,0.0,0.08536975776331224,-79.089459,36.64236056
2011490,"LITTLE BACK CREEK NEAR SUNRISE, VA",2025-11-17 17:45:00+00:00,3.94,0.0,0.0,8.539944903581269,0.448287632267607,-79.8375546,38.21456767
2032640,"N F RIVANNA RIVER NEAR EARLYSVILLE, VA",2025-11-17 17:45:00+00:00,19.4,0.0,0.0,0.0,0.06315104166666659,-78.4247323,38.1634674
2032515,"S F RIVANNA RIVER NEAR CHARLOTTESVILLE, VA",2025-11-17 17:45:00+00:00,38.1,3.252032520325211,3.252032520325211,-2.8061224489795955,0.06153100775193798,-78.4605666,38.10180306
2015700,"BULLPASTURE RIVER AT WILLIAMSVILLE, VA",2025-11-17 17:45:00+00:00,33.6,4.024767801857599,0.0,4.024767801857599,0.1810344827586203,-79.57032338,38.19540308
2032250,"MOORMANS RIVER NEAR FREE UNION, VA",2025-11-17 17:45:00+00:00,10.1,0.0,0.0,4.231166150670796,0.04084108370400321,-78.5558478,38.1406902
2049500,"BLACKWATER RIVER NEAR FRANKLIN, VA",2025-11-17 17:45:00+00:00,92.8,-0.7486631016042811,-3.1315240083507305,-6.920762286860588,0.025706371191135727,-76.89829369,36.7626499
205551614,"TINKER CREEK ABOVE GLADE CREEK AT ROANOKE, VA",2025-11-17 17:45:00+00:00,25.8,0.0,0.0,-3.0075187969924837,0.16753246753246753,-79.9093611,37.27788889
1629500,"S F SHENANDOAH RIVER NEAR LURAY, VA",2025-11-17 17:45:00+00:00,379.0,16.97530864197531,15.19756838905775,23.856209150326798,0.12629123625458155,-78.5347329,38.6462305
1636316,"SPOUT RUN AT RT 621 NEAR MILLWOOD, VA",2025-11-17 17:45:00+00:00,7.45,0.0,6.886657101865143,,0.46330845771144236,-78.0037528,39.067025
1633000,"N F SHENANDOAH RIVER AT MOUNT JACKSON, VA",2025-11-17 17:45:00+00:00,109.0,-12.096774193548388,-9.917355371900827,-9.917355371900827,0.15656420568802032,-78.6389042,38.74567048
1628500,"S F SHENANDOAH RIVER NEAR LYNNWOOD, VA",2025-11-17 17:45:00+00:00,248.0,0.0,0.0,-1.5873015873015872,0.10712742980561533,-78.7547457,38.32262796
3531500,"POWELL RIVER NEAR JONESVILLE, VA",2025-11-17 17:45:00+00:00,157.0,0.0,0.0,0.0,0.1263073209975864,-83.0948928,36.66203367
2065500,"CUB CREEK AT PHENIX, VA",2025-11-17 17:45:00+00:00,31.9,0.0,0.0,0.0,0.1646876613319565,-78.7636178,37.0793112
2069700,"SOUTH MAYO RIVER NEAR NETTLERIDGE, VA",2025-11-17 17:45:00+00:00,45.3,1.7977528089887576,5.348837209302319,0.0,0.13827838827838826,-80.1294928,36.570971
1634500,"CEDAR CREEK NEAR WINCHESTER, VA",2025-11-17 17:45:00+00:00,17.7,0.0,4.117647058823525,4.117647058823525,0.08460803059273402,-78.3294486,39.0812176
2052090,"MEHERRIN RIVER NEAR BRYANTS CORNER, VA",2025-11-17 17:45:00+00:00,137.0,0.0,0.0,0.7352941176470588,0.032541567695962,-77.36138889,36.57
1632082,"LINVILLE CREEK AT BROADWAY, VA",2025-11-17 17:45:00+00:00,9.02,0.0,0.0,-5.2521008403361344,0.17346153846153797,-78.803357,38.60678588
2066000,"ROANOKE (STAUNTON) RIVER AT RANDOLPH, VA",2025-11-17 17:45:00+00:00,816.0,-2.3923444976076556,-1.8050541516245486,0.0,0.05502360080917054,-78.7408384,36.91514189
1643700,"GOOSE CREEK NEAR MIDDLEBURG, VA",2025-11-17 17:45:00+00:00,11.1,0.0,5.714285714285711,5.714285714285711,0.035679845708775304,-77.7966614,38.98649818
2051000,"NORTH MEHERRIN RIVER NEAR LUNENBURG, VA",2025-11-17 17:45:00+00:00,5.95,0.0,0.0,-3.877221324717289,0.06075768406004279,-78.3497182,36.9973738
2051190,"MEHERRIN RIVER AT RT 637 NEAR SOUTH HILL, VA",2025-11-17 17:45:00+00:00,38.4,4.632152588555846,4.632152588555846,-4.239401496259359,0.12842809364548494,-78.1175,36.78694444
2071530,"SMITH RIVER AT SMITH RIV CHURCH NR WOOLWINE, VA",2025-11-17 17:45:00+00:00,18.5,7.558139534883726,7.558139534883726,0.0,0.16299559471365632,-80.24921848,36.778468
1635500,"PASSAGE CREEK NEAR BUCKTON, VA",2025-11-17 17:45:00+00:00,8.79,0.0,3.9007092198581352,-3.8293216630197087,0.08275277725475398,-78.2666685,38.95816564
3524000,"CLINCH RIVER AT CLEVELAND, VA",2025-11-17 17:45:00+00:00,164.0,0.0,0.0,-3.5294117647058822,0.08011724474841228,-82.1548569,36.9448295
1644000,"GOOSE CREEK NEAR LEESBURG, VA",2025-11-17 17:45:00+00:00,5.15,-5.677655677655671,0.0,-5.677655677655671,0.008804923918618542,-77.5774918,39.01955309
2051500,"MEHERRIN RIVER NEAR LAWRENCEVILLE, VA",2025-11-17 17:45:00+00:00,103.0,-1.9047619047619049,0.0,0.0,0.10220281801944783,-77.8316582,36.71681395
2070000,"NORTH MAYO RIVER NEAR SPENCER, VA",2025-11-17 17:45:00+00:00,53.9,0.0,0.0,-2.177858439201457,0.18912280701754386,-79.98726539,36.56819358
1654670,"ACCOTINK CREEK AT KEENE MILL RD AT SPRINGFIELD, VA",2025-11-17 17:50:00+00:00,69.1,0.0,0.0,-1.9858156028368874,3.598958333333333,-77.20324308,38.7751822
1643880,"BEAVERDAM CREEK AT RT 734 NEAR MOUNTVILLE, VA",2025-11-17 17:50:00+00:00,6.58,0.0,0.0,0.0,0.08894295755609605,-77.72225,39.0377222
1654500,"LONG BRANCH NEAR ANNANDALE, VA",2025-11-17 17:55:00+00:00,2.89,0.0,0.0,0.0,0.6203047864348572,-77.2364549,38.81358508
2019500,"JAMES RIVER AT BUCHANAN, VA",2025-11-17 18:00:00+00:00,441.0,1.3793103448275863,2.797202797202797,2.797202797202797,0.0818333642605306,-79.6789281,37.53068995
2077000,"BANISTER RIVER AT HALIFAX, VA",2025-11-17 18:00:00+00:00,131.0,2.34375,2.34375,-1.5037593984962405,0.1102693602693603,-78.9158438,36.7765267
1668000,"RAPPAHANNOCK RIVER NEAR FREDERICKSBURG, VA",2025-11-17 18:00:00+00:00,168.0,-4.0,0.0,0.0,0.04194756554307107,-77.52915268,38.30846178
2021500,"MAURY RIVER AT ROCKBRIDGE BATHS, VA",2025-11-17 18:00:00+00:00,33.8,-3.4285714285714364,0.0,-3.4285714285714364,0.04298067141403857,-79.42198289,37.90735266
3167000,"REED CREEK AT GRAHAMS FORGE, VA",2025-11-17 18:00:00+00:00,53.8,-3.584229390681004,-7.081174438687395,-7.081174438687395,0.07924583885697452,-80.8872997,36.93900995
2016500,"JAMES RIVER AT LICK RUN, VA",2025-11-17 18:00:00+00:00,357.0,0.0,2.586206896551724,-3.7735849056603774,0.11025324274243349,-79.7844925,37.77374009
2074500,"SANDY RIVER NEAR DANVILLE, VA",2025-11-17 18:00:00+00:00,33.2,0.0,-2.63929618768328,-2.63929618768328,0.10957095709570958,-79.5041932,36.6195825
2076000,"DAN RIVER AT SOUTH BOSTON, VA",2025-11-17 18:00:00+00:00,796.0,-1.9704433497536946,-5.238095238095238,-0.5,0.04371224601867106,-78.9004167,36.6932222
2011460,"BACK CREEK NEAR SUNRISE, VA",2025-11-17 18:00:00+00:00,7.96,0.0,3.9164490861618773,8.005427408412482,0.07139013452914789,-79.76866328,38.24540129
2060500,"ROANOKE RIVER AT ALTAVISTA, VA",2025-11-17 18:00:00+00:00,610.0,-1.2944983818770228,-6.29800307219662,-3.7854889589905363,0.04462326261887344,-79.28563889,37.10569444
1671200,"SOUTH ANNA RIVER NEAR GORDONSVILLE, VA",2025-11-17 18:00:00+00:00,0.38,0.0,0.0,0.0,0.2900763358778626,-78.2052814,38.1237471
1632900,"SMITH CREEK NEAR NEW MARKET, VA",2025-11-17 18:00:00+00:00,18.9,-3.076923076923084,-5.970149253731357,-8.695652173913047,0.19563192216126615,-78.6427935,38.69345016
1656903,"FLATLICK BRANCH ABOVE FROG BRANCH AT CHANTILLY, VA",2025-11-17 18:00:00+00:00,1.34,0.0,0.0,0.0,0.13777503598601687,-77.4319047,38.8823899
2042500,"CHICKAHOMINY RIVER NEAR PROVIDENCE FORGE, VA",2025-11-17 18:00:00+00:00,70.5,-0.9831460674157343,-1.9471488178025111,-5.495978552278813,0.03841961852861035,-77.0608027,37.43625765
2040892,"APPOMATTOX RIVER AT ROUTE 602 NEAR MANNBORO, VA",2025-11-17 18:00:00+00:00,192.0,0.0,0.0,-3.0303030303030303,0.036494962934803234,-77.8016667,37.31805556
1620500,"NORTH RIVER NEAR STOKESVILLE, VA",2025-11-17 18:00:00+00:00,5.62,0.0,-5.067567567567564,-5.067567567567564,0.11457696228338425,-79.2391667,38.335
2025652,"HARRIS CREEK BELOW ROUTE 130 NEAR MONROE, VA",2025-11-17 18:00:00+00:00,6.13,34.13566739606126,-12.051649928263988,20.907297830374745,0.10220073357785923,-79.1666667,37.48527778
3165000,"CHESTNUT CREEK AT GALAX, VA",2025-11-17 18:00:00+00:00,33.3,0.0,0.0,0.0,0.22855181880576522,-80.9192444,36.6459613
1646305,"DEAD RUN AT WHANN AVENUE NEAR MCLEAN, VA",2025-11-17 18:00:00+00:00,1.16,0.0,0.0,0.0,0.3988995873452544,-77.1756743,38.95977716
1645762,"S F LITTLE DIFFICULT RUN ABOVE MOUTH NR VIENNA, VA",2025-11-17 18:00:00+00:00,1.27,0.0,8.547008547008556,8.547008547008556,0.2883742052679382,-77.3382627,38.90888916
2058400,"PIGG RIVER NEAR SANDY LEVEL, VA",2025-11-17 18:00:00+00:00,107.0,-1.834862385321101,-1.834862385321101,-1.834862385321101,0.13653183616179657,-79.5247508,36.9459767
3488000,"N F HOLSTON RIVER NEAR SALTVILLE, VA",2025-11-17 18:10:00+00:00,51.8,-3.1775700934579496,-3.1775700934579496,-3.1775700934579496,0.07329842931937172,-81.7462293,36.89678115
2072500,"SMITH RIVER AT BASSETT, VA",2025-11-17 18:10:00+00:00,84.2,0.0,-3.1070195627157684,-11.554621848739496,0.11692820441605316,-80.00087509,36.77013709
164579522,"THE GLADE NEAR HOWLAND DRIVE AT RESTON, VA",2025-11-17 18:10:00+00:00,0.08,14.285714285714276,14.285714285714276,14.285714285714276,0.1673640167364017,-77.32933889,38.9256
1643590,"LIMESTONE BRANCH NEAR LEESBURG, VA",2025-11-17 18:10:00+00:00,3.12,-6.865671641791043,-6.865671641791043,-13.333333333333334,0.26329113924050607,-77.5359167,39.1676111
2024000,"MAURY RIVER NEAR BUENA VISTA, VA",2025-11-17 18:10:00+00:00,100.0,0.0,0.0,0.0,0.06086427267194149,-79.3914251,37.76263275
3474000,"M F HOLSTON RIVER AT SEVEN MILE FORD, VA",2025-11-17 18:10:00+00:00,38.1,0.0,0.0,0.0,0.12683089214380822,-81.6220617,36.80733756
2072000,"SMITH RIVER NEAR PHILPOTT, VA",2025-11-17 18:10:00+00:00,75.5,0.0,0.0,0.0,0.1284013605442175,-80.0247647,36.7806925
2029000,"JAMES RIVER AT SCOTTSVILLE, VA",2025-11-17 18:15:00+00:00,1230.0,0.0,36.5149833518313,30.990415335463258,0.07981829980532112,-78.491398,37.7973651
3490000,"N F HOLSTON RIVER NEAR GATE CITY, VA",2025-11-17 18:15:00+00:00,174.0,0.0,-1.694915254237288,-3.3333333333333335,0.14720812182741116,-82.567931,36.60871119
16701405,"N ANNA RIVER AT RT 669 NR MONROVIA, VA",2025-11-17 18:15:00+00:00,10.6,0.0,0.0,-5.357142857142854,,-78.00673889,38.139
1658500,"S F QUANTICO CREEK NEAR INDEPENDENT HILL, VA",2025-11-17 18:15:00+00:00,0.64,0.0,18.518518518518512,-14.666666666666664,0.03650884198516826,-77.4285958,38.5873427
1616100,"DRY MARSH RUN NEAR BERRYVILLE, VA",2025-11-17 18:15:00+00:00,2.53,0.0,0.0,0.0,0.33572186836517953,-78.0686306,39.19259167
1638420,"N F CATOCTIN CREEK AT RT 681 NEAR WATERFORD, VA",2025-11-17 18:15:00+00:00,3.03,-49.917355371900825,-62.12500000000001,-43.47014925373135,0.06596995427824946,-77.62388889,39.205
1643805,"N F GOOSE CREEK AT RT 729 NEAR LINCOLN, VA",2025-11-17 18:15:00+00:00,3.95,34.35374149659865,12.215909090909095,0.0,0.052276336686077174,-77.6839444,39.07230556
1653000,"CAMERON RUN AT ALEXANDRIA, VA",2025-11-17 18:15:00+00:00,3.25,-30.257510729613735,-49.76816074188562,-56.83930942895087,0.03734773615260858,-77.10558989,38.8044466
1638350,"S F CATOCTIN CREEK AT RT 698 NEAR WATERFORD, VA",2025-11-17 18:15:00+00:00,2.12,7.070707070707077,-26.896551724137925,-26.896551724137925,0.028660267676084886,-77.6154444,39.1911111
1670400,"NORTH ANNA RIVER NEAR PARTLOW, VA",2025-11-17 18:15:00+00:00,99.7,124.54954954954955,130.25404157043883,124.54954954954955,0.1033267696134314,-77.7011007,38.01291599
1636690,"PINEY RUN NEAR LOVETTSVILLE, VA",2025-11-17 18:15:00+00:00,-999999.0,-0.0,-0.0,-0.0,-43290.0,-77.7185,39.3108333
3478400,"BEAVER CREEK AT BRISTOL, VA",2025-11-17 18:15:00+00:00,11.5,0.0,5.5045871559633,10.576923076923073,0.2545374059318282,-82.1337425,36.63177439
3171000,"NEW RIVER AT RADFORD, VA",2025-11-17 18:15:00+00:00,1030.0,4.251012145748987,-10.434782608695652,-14.166666666666666,0.09837631327602672,-80.56922499,37.14179254
1652090,"FOUR MILE RUN AT HWY 29 AT FALLS CHURCH, VA",2025-11-17 18:15:00+00:00,1.33,0.0,-7.638888888888881,-31.79487179487179,5.88495575221239,-77.1635,38.8863
2054530,"ROANOKE RIVER AT GLENVAR, VA",2025-11-17 18:15:00+00:00,57.1,0.0,0.0,-2.0583190394511077,0.07885651153155636,-80.1394858,37.26791157
1670200,"PAMUNKEY CREEK AT RT 651 NEAR LAHORE, VA",2025-11-17 18:15:00+00:00,1.52,-22.051282051282048,-12.13872832369942,0.0,,-77.9502747,38.1545801
2055000,"ROANOKE RIVER AT ROANOKE, VA",2025-11-17 18:20:00+00:00,81.4,0.0,2.9077117572692943,8.969210174029454,0.08548624238605328,-79.9386485,37.25847085
3165500,"NEW RIVER AT IVANHOE, VA",2025-11-17 18:20:00+00:00,1020.0,2.2044088176352705,12.70718232044199,12.70718232044199,0.18878400888395333,-80.9525807,36.83484534
2039500,"APPOMATTOX RIVER AT FARMVILLE, VA",2025-11-17 18:20:00+00:00,94.7,-1.044932079414838,-2.1694214876033,-2.1694214876033,0.1143443612653948,-78.388607,37.3070965
2053800,"S F ROANOKE RIVER NEAR SHAWSVILLE, VA",2025-11-17 18:20:00+00:00,25.8,0.0,0.0,7.949790794979089,0.06593406593406591,-80.2664328,37.1401323
2034000,"RIVANNA RIVER AT PALMYRA, VA",2025-11-17 18:20:00+00:00,105.0,0.0,2.941176470588235,8.583247156153046,0.06031016657093615,-78.2658373,37.8579192
2054500,"ROANOKE RIVER AT LAFAYETTE, VA",2025-11-17 18:20:00+00:00,54.0,0.0,0.0,0.0,0.07482333379520575,-80.2092089,37.23652179
1652500,"FOURMILE RUN AT ALEXANDRIA, VA",2025-11-17 18:20:00+00:00,5.58,0.0,0.0,0.0,0.16696588868940754,-77.0858611,38.8433333
2044500,"NOTTOWAY RIVER NEAR RAWLINGS, VA",2025-11-17 18:20:00+00:00,65.5,-4.934687953555886,-7.2237960339943275,-15.809768637532132,0.11459062281315548,-77.7997188,36.9834822
